File Path,Title,Description,Remediation Status,Review Status,Review Notes
areas/ai-assistance/adaptive-workflow-framework.md,,,Old Content,Not Reviewed,
areas/ai-assistance/advanced-prompting-techniques.md,,,Old Content,Not Reviewed,
areas/ai-assistance/ai-assisted-event-development.md,,,Old Content,Not Reviewed,
areas/ai-assistance/ai-behavior-trigger-patterns.md,,,Old Content,Not Reviewed,
areas/ai-assistance/ai-enhanced-al-development-patterns.md,,,Old Content,Not Reviewed,
areas/ai-assistance/ai-enhanced-development-planning.md,,,Old Content,Not Reviewed,
areas/ai-assistance/ai-enhanced-feature-planning.md,,,Old Content,Not Reviewed,
areas/ai-assistance/ai-enhanced-integration-development.md,,,Old Content,Not Reviewed,
areas/ai-assistance/ai-guidance-enhancement-patterns.md,,,Old Content,Not Reviewed,
areas/ai-assistance/ai-hallucination-detection.md,,,Old Content,Not Reviewed,
areas/ai-assistance/ai-quality-gates-documentation.md,,,Old Content,Not Reviewed,
areas/ai-assistance/ai-self-awareness-patterns.md,,,Old Content,Not Reviewed,
areas/ai-assistance/ai-self-awareness-quality-framework.md,,,Old Content,Not Reviewed,
areas/ai-assistance/ai-team-training-adoption.md,,,Old Content,Not Reviewed,
areas/ai-assistance/ai-training-implementation.md,,,Old Content,Not Reviewed,
areas/ai-assistance/ai-trust-verification-framework.md,,,Old Content,Not Reviewed,
areas/ai-assistance/aidocs-template-integration.md,,,Old Content,Not Reviewed,
areas/ai-assistance/common-prompt-patterns.md,,,Old Content,Not Reviewed,
areas/ai-assistance/context-recognition-patterns.md,,,Old Content,Not Reviewed,
areas/ai-assistance/copilot-integration-patterns.md,,,Old Content,Not Reviewed,
areas/ai-assistance/daily-development-cycle-ai.md,,,Old Content,Not Reviewed,
areas/ai-assistance/educational-escalation-framework.md,,,Old Content,Not Reviewed,
areas/ai-assistance/effective-prompt-writing-patterns.md,,,Old Content,Not Reviewed,
areas/ai-assistance/human-ai-collaboration-best-practices.md,,,Old Content,Not Reviewed,
areas/ai-assistance/iterative-ai-development.md,,,Old Content,Not Reviewed,
areas/ai-assistance/proactive-practice-suggestion-patterns.md,,,Old Content,Not Reviewed,
areas/ai-assistance/prompt-enhancement-framework.md,,,Old Content,Not Reviewed,
areas/ai-assistance/systematic-code-validation.md,,,Old Content,Not Reviewed,
areas/ai-assistance/task-specific-ai-workflows.md,,,Old Content,Not Reviewed,
areas/ai-assistance/team-integration-patterns-ai.md,,,Old Content,Not Reviewed,
areas/appsource-compliance/accessibility-ux-compliance.md,,,Old Content,Not Reviewed,
areas/appsource-compliance/ai-enhanced-compliance-patterns.md,,,Old Content,Not Reviewed,
areas/appsource-compliance/appsource-foundation-setup.md,,,Old Content,Not Reviewed,
areas/appsource-compliance/appsource-integration-performance-standards.md,,,Old Content,Not Reviewed,
areas/appsource-compliance/appsource-marketplace-validation-certification.md,,,Old Content,Not Reviewed,
areas/appsource-compliance/appsource-object-code-standards.md,,,Old Content,Not Reviewed,
areas/appsource-compliance/devops-compliance-integration.md,,,Old Content,Not Reviewed,
areas/appsource-compliance/performance-security-compliance.md,,,Old Content,Not Reviewed,
areas/architecture-design/ai-enhanced-development-principles.md,,,Old Content,Not Reviewed,
areas/architecture-design/al-anti-patterns.md,,,Old Content,Not Reviewed,
areas/architecture-design/al-development-environment-setup.md,,,Old Content,Not Reviewed,
areas/architecture-design/bc-dependency-inversion-principle.md,,,Old Content,Not Reviewed,
areas/architecture-design/bc-open-closed-principle.md,,,Old Content,Not Reviewed,
areas/architecture-design/bc-single-responsibility-principle.md,,,Old Content,Not Reviewed,
areas/architecture-design/bc-temp-table-patterns.md,,,Old Content,Not Reviewed,
areas/architecture-design/code-structure-anti-patterns.md,,,Old Content,Not Reviewed,
areas/architecture-design/event-design-principles.md,,,Old Content,Not Reviewed,
areas/architecture-design/graceful-obsoleting-patterns.md,,,Old Content,Not Reviewed,
areas/architecture-design/intelligent-business-intelligence.md,Intelligent Business Intelligence,"Create intelligent Business Central reporting and analytics solutions with enhanced data visualization and decision-making capabilities",Remediated,Not Reviewed,
areas/architecture-design/interface-segregation-principle.md,,,Old Content,Not Reviewed,
areas/architecture-design/liskov-substitution-principle.md,,,Old Content,Not Reviewed,
areas/architecture-design/object-design-anti-patterns.md,,,Old Content,Not Reviewed,
areas/architecture-design/performance-anti-patterns.md,,,Old Content,Not Reviewed,
areas/architecture-design/project-structure-awareness-guidelines.md,,,Old Content,Not Reviewed,
areas/architecture-design/solid-principles-al.md,,,Old Content,Not Reviewed,
areas/architecture-design/upgrade-codeunit-management-patterns.md,,,Old Content,Not Reviewed,
areas/background-tasks/batch-job-patterns.md,,,Old Content,Not Reviewed,
areas/background-tasks/bc-job-queue-management.md,,,Old Content,Not Reviewed,
areas/background-tasks/bc-multi-tenant-job-coordination.md,Distributed Task Coordination,"Advanced distributed task coordination and synchronization patterns for Business Central multi-environment and multi-tenant scenarios with intelligent workload distribution",Old Content,Not Reviewed,"INVALID TOPIC - BC does not support distributed computing or multi-tenant job coordination. Requires complete rewrite or deletion."
areas/background-tasks/bc-recurring-job-patterns.md,,,Old Content,Not Reviewed,
areas/background-tasks/long-running-operation-tracking.md,Long-Running Operation Tracking,"Track and monitor long-running operations in Business Central with progress indicators and user experience optimizations",Remediated,Not Reviewed,
areas/background-tasks/recurring-task-implementation.md,,,Old Content,Not Reviewed,
areas/background-tasks/task-queue-optimization.md,,,Old Content,Not Reviewed,
areas/code-creation/al-codeunit-creation-patterns.md,,,Old Content,Not Reviewed,
areas/code-creation/al-extension-model-patterns.md,,,Old Content,Not Reviewed,
areas/code-creation/al-table-creation-patterns.md,,,Old Content,Not Reviewed,
areas/code-creation/comment-driven-development-patterns.md,,,Old Content,Not Reviewed,
areas/code-creation/event-documentation-standards.md,,,Old Content,Not Reviewed,
areas/code-creation/table-business-rules.md,,,Old Content,Not Reviewed,
areas/code-creation/table-design-patterns.md,,,Old Content,Not Reviewed,
areas/code-creation/table-field-validation.md,,,Old Content,Not Reviewed,
areas/code-formatting/al-code-quality-patterns.md,,,Old Content,Not Reviewed,
areas/code-formatting/code-documentation-standards.md,,,Old Content,Not Reviewed,
areas/code-formatting/code-optimization-patterns.md,,,Old Content,Not Reviewed,
areas/code-formatting/data-type-conventions.md,,,Old Content,Not Reviewed,
areas/code-formatting/localization-text-patterns.md,,,Old Content,Not Reviewed,
areas/code-formatting/string-formatting-standards.md,,,Old Content,Not Reviewed,
areas/code-review/ai-assisted-code-review-best-practices.md,,,Old Content,Not Reviewed,
areas/code-review/anti-pattern-detection-prompts.md,,,Old Content,Not Reviewed,
areas/code-review/code-review-context-enhancement.md,,,Old Content,Not Reviewed,
areas/code-review/experience-based-code-review-prompts.md,,,Old Content,Not Reviewed,
areas/code-review/pre-submission-quality-checklist.md,,,Old Content,Not Reviewed,
areas/code-review/progressive-code-review-prompts.md,,,Old Content,Not Reviewed,
areas/code-review/specialized-code-review-prompts.md,,,Old Content,Not Reviewed,
areas/data-management/bc-data-upgrade-patterns.md,Intelligent Data Migration,"Implement intelligent data migration strategies for Business Central with automated validation and rollback capabilities",Remediated,Not Reviewed,
areas/data-management/bc-rapidstart-automation.md,,,Old Content,Not Reviewed,
areas/documentation/bc-api-documentation-patterns.md,,,Old Content,Not Reviewed,
areas/documentation/code-comment-automation.md,,,Old Content,Not Reviewed,
areas/error-handling/error-handling-principles.md,,,Old Content,Not Reviewed,
areas/error-handling/error-message-layering.md,,,Old Content,Not Reviewed,
areas/error-handling/error-prevention-strategies.md,,,Old Content,Not Reviewed,
areas/error-handling/error-testing-strategies.md,,,Old Content,Not Reviewed,
areas/error-handling/errorinfo-patterns.md,,,Old Content,Not Reviewed,
areas/error-handling/errorinfo-progressive-disclosure.md,,,Old Content,Not Reviewed,
areas/error-handling/suggested-actions-implementation.md,,,Old Content,Not Reviewed,
areas/installation-upgrade/install-codeunit-patterns.md,,,Old Content,Not Reviewed,
areas/installation-upgrade/upgrade-codeunit-implementation.md,,,Old Content,Not Reviewed,
areas/installation-upgrade/version-compatibility-management.md,,,Old Content,Not Reviewed,
areas/integration/api-development-patterns.md,,,Old Content,Not Reviewed,
areas/integration/bc-api-sync-patterns.md,Real-Time Data Synchronization,"Create real-time data synchronization patterns for Business Central integrations with external systems and services",Remediated,Not Reviewed,
areas/integration/business-event-patterns.md,,,Old Content,Not Reviewed,
areas/integration/event-based-integration-patterns.md,,,Old Content,Not Reviewed,
areas/integration/event-design-principles.md,,,Old Content,Not Reviewed,
areas/integration/event-driven-extensibility.md,,,Old Content,Not Reviewed,
areas/integration/event-testing-patterns.md,,,Old Content,Not Reviewed,
areas/integration/external-system-integration-events.md,,,Old Content,Not Reviewed,
areas/integration/external-system-integration-patterns.md,,,Old Content,Not Reviewed,
areas/integration/integration-event-patterns.md,,,Old Content,Not Reviewed,
areas/integration/integration-security-patterns.md,,,Old Content,Not Reviewed,
areas/integration/user-experience-integration-patterns.md,,,Old Content,Not Reviewed,
areas/logging-diagnostics/activity-log-patterns.md,,,Old Content,Not Reviewed,
areas/logging-diagnostics/diagnostic-page-creation.md,,,Old Content,Not Reviewed,
areas/logging-diagnostics/performance-profiling-patterns.md,,,Old Content,Not Reviewed,
areas/namespaces/bc-extension-namespace-design.md,,,Old Content,Not Reviewed,
areas/namespaces/namespace-collision-prevention.md,,,Old Content,Not Reviewed,
areas/naming-conventions/object-naming-conventions.md,,,Old Content,Not Reviewed,
areas/naming-conventions/prefix-naming-guidelines.md,,,Old Content,Not Reviewed,
areas/naming-conventions/variable-naming-patterns.md,,,Old Content,Not Reviewed,
areas/performance-optimization/al-performance-optimization-guidelines.md,,,Old Content,Not Reviewed,
areas/performance-optimization/bulk-processing-patterns.md,,,Old Content,Not Reviewed,
areas/performance-optimization/database-performance-measurement.md,,,Old Content,Not Reviewed,
areas/performance-optimization/event-performance-optimization.md,,,Old Content,Not Reviewed,
areas/performance-optimization/intelligent-caching-strategies.md,Intelligent Caching Strategies,"Implement intelligent caching strategies for Business Central applications to optimize performance and reduce database load",Remediated,Not Reviewed,
areas/performance-optimization/n-plus-one-query-problem.md,,,Old Content,Not Reviewed,
areas/performance-optimization/performance-optimization-topics.md,,,Old Content,Not Reviewed,
areas/performance-optimization/query-filtering-optimization.md,,,Old Content,Not Reviewed,
areas/performance-optimization/setloadfields-advanced-scenarios.md,,,Old Content,Not Reviewed,
areas/performance-optimization/setloadfields-basic-patterns.md,,,Old Content,Not Reviewed,
areas/performance-optimization/setloadfields-optimization.md,,,Old Content,Not Reviewed,
areas/performance-optimization/setloadfields-performance-measurement.md,,,Old Content,Not Reviewed,
areas/project-workflow/al-devops-integration-patterns.md,,,Old Content,Not Reviewed,
areas/project-workflow/automated-documentation-generation.md,,,Old Content,Not Reviewed,
areas/project-workflow/azure-devops-workflow-enhancement.md,,,Old Content,Not Reviewed,
areas/project-workflow/cicd-pipeline-integration.md,,,Old Content,Not Reviewed,
areas/project-workflow/copilot-assisted-devops-tasks.md,,,Old Content,Not Reviewed,
areas/project-workflow/devops-automation-scripts.md,,,Old Content,Not Reviewed,
areas/project-workflow/devops-information-request-templates.md,,,Old Content,Not Reviewed,
areas/project-workflow/devops-integration-workflow-patterns.md,,,Old Content,Not Reviewed,
areas/project-workflow/devops-style-integration.md,,,Old Content,Not Reviewed,
areas/project-workflow/exception-state-handling.md,,,Old Content,Not Reviewed,
areas/project-workflow/feature-communication-templates.md,,,Old Content,Not Reviewed,
areas/project-workflow/feature-development-state-management.md,,,Old Content,Not Reviewed,
areas/project-workflow/feature-implementation-workflows.md,,,Old Content,Not Reviewed,
areas/project-workflow/production-monitoring-feedback.md,,,Old Content,Not Reviewed,
areas/project-workflow/project-management-tool-integration.md,,,Old Content,Not Reviewed,
areas/project-workflow/prompt-workflow-integration.md,,,Old Content,Not Reviewed,
areas/project-workflow/quality-gate-integration-devops.md,,,Old Content,Not Reviewed,
areas/project-workflow/quality-gates-automation.md,,,Old Content,Not Reviewed,
areas/requirements-gathering/business-problem-root-cause-analysis.md,,,Old Content,Not Reviewed,
areas/requirements-gathering/business-rule-discovery-techniques.md,,,Old Content,Not Reviewed,
areas/requirements-gathering/stakeholder-analysis-techniques.md,,,Old Content,Not Reviewed,
areas/security/advanced-permission-modeling.md,Advanced Permission Modeling,"Design and implement advanced permission models in Business Central with sophisticated security layers and access control patterns",Remediated,Not Reviewed,
areas/security/api-security-patterns.md,API Security Patterns,"Implement comprehensive API security patterns for Business Central integrations with authentication authorization and data protection",Remediated,Not Reviewed,
areas/security/audit-trail-implementation.md,Audit Trail Implementation,"Implement comprehensive audit trails in Business Central for compliance and security monitoring with automated tracking and reporting",Remediated,Not Reviewed,"Added Change Log and Retention Policy integration"
areas/security/authentication-method-setup.md,Authentication Method Setup,"Configure and implement various authentication methods in Business Central for secure access control",Remediated,Not Reviewed,
areas/security/bc-entra-id-integration.md,Microsoft Entra Integration Patterns,"Implement Microsoft Entra ID integration for secure authentication and authorization in Business Central extensions",Remediated,Not Reviewed,
areas/security/bc-gdpr-data-privacy.md,GDPR Privacy Compliance Implementation,"Implement GDPR privacy compliance requirements in Business Central with data protection controls and privacy workflows",Remediated,Not Reviewed,
areas/security/data-security-filters-performance.md,Data Security Filters Performance,"Optimize security filter implementation for efficient record-level access control without performance degradation",Remediated,Not Reviewed,
areas/security/effective-permissions-auditing.md,,,Old Content,Not Reviewed,
areas/security/license-entitlements-vs-permissions.md,,,Old Content,Not Reviewed,
areas/security/permission-sets-creation-management.md,,,Old Content,Not Reviewed,
areas/security/permission-testing-strategies.md,Permission Testing Strategies,"Comprehensive testing strategies for Business Central permissions and security configurations with automated validation",Remediated,Not Reviewed,
areas/security/rbac-implementation-patterns.md,,,Old Content,Not Reviewed,
areas/security/security-filters-record-level-access.md,,,Old Content,Not Reviewed,
areas/security/security-penetration-testing.md,,,Old Content,Not Reviewed,
areas/security/security-validation-patterns.md,Security Validation Patterns,"Comprehensive security validation frameworks for Business Central applications with automated testing and compliance verification",Remediated,Not Reviewed,
areas/telemetry/business-event-correlation-patterns.md,,,Old Content,Not Reviewed,
areas/telemetry/business-event-telemetry-patterns.md,,,Old Content,Not Reviewed,
areas/telemetry/custom-telemetry-dimensions.md,,,Old Content,Not Reviewed,
areas/telemetry/error-telemetry-best-practices.md,Error Telemetry Best Practices,"Implement comprehensive error telemetry patterns for Business Central applications with intelligent error tracking and analytics",Remediated,Not Reviewed,
areas/telemetry/performance-counter-telemetry.md,,,Old Content,Not Reviewed,
areas/telemetry/sql-query-performance-telemetry.md,,,Old Content,Not Reviewed,
areas/telemetry/telemetry-initialization-patterns.md,,,Old Content,Not Reviewed,
areas/testing/al-testing-integration-strategies.md,,,Old Content,Not Reviewed,
areas/testing/bc-test-automation-patterns.md,Automated Test Generation,"Implement automated test generation and management strategies for Business Central applications with comprehensive coverage and validation",Remediated,Not Reviewed,
areas/testing/boundary-condition-testing.md,,,Old Content,Not Reviewed,
areas/testing/business-logic-testing-patterns.md,,,Old Content,Not Reviewed,
areas/testing/comprehensive-business-testing.md,,,Old Content,Not Reviewed,
areas/testing/event-testing-strategies.md,,,Old Content,Not Reviewed,
areas/testing/integration-quality-gates.md,,,Old Content,Not Reviewed,
areas/testing/principle-based-validation-strategies.md,,,Old Content,Not Reviewed,
areas/testing/test-data-cleanup-strategies.md,,,Old Content,Not Reviewed,
areas/testing/test-data-isolation-strategies.md,,,Old Content,Not Reviewed,
areas/testing/test-data-management.md,,,Old Content,Not Reviewed,
areas/testing/test-data-prefixing-standards.md,,,Old Content,Not Reviewed,
areas/testing/test-first-development.md,,,Old Content,Not Reviewed,
areas/testing/test-library-design-patterns.md,,,Old Content,Not Reviewed,
areas/testing/testing-topics.md,,,Old Content,Not Reviewed,
areas/testing/testing-workflow-integration.md,,,Old Content,Not Reviewed,
areas/user-experience/accessibility-compliance-implementation.md,,,Old Content,Not Reviewed,
areas/user-experience/bc-page-layout-optimization.md,Progressive Form Disclosure,"Implement progressive form disclosure patterns for Business Central pages to improve user experience and reduce cognitive load",Remediated,Not Reviewed,
areas/user-experience/interface-complexity-management.md,,,Old Content,Not Reviewed,
areas/user-experience/tooltip-200-character-guidelines.md,,,Old Content,Not Reviewed,
areas/workflows/approval-workflow-patterns.md,,,Old Content,Not Reviewed,
areas/workflows/bc-workflow-approval-automation.md,Intelligent Approval Routing,"Create intelligent approval routing systems for Business Central workflows with dynamic escalation and automated decision-making",Remediated,Not Reviewed,
areas/workflows/bc-workflow-automation-patterns.md,,,Old Content,Not Reviewed,